INSERT INTO Cookbook (CookbookName, IsBook) VALUES ("Dude Diet", true);
INSERT INTO Cookbook (CookbookName, IsBook) VALUES ("Dude Diet Dinner", true);
INSERT INTO Cookbook (CookbookName, IsBook, Website) VALUES ("Domesticate Me", false, "http://domesticate-me.com");
INSERT INTO Recipe (RecipeName, CookbookName, TotalServings) VALUES ("Fajitas", "Dude Diet", 6);
INSERT INTO Recipe (RecipeName, CookbookName, TotalServings) VALUES ("Stir Fry", "Dude Diet Dinner", 3);
INSERT INTO Recipe (RecipeName, CookbookName, TotalServings) VALUES ("Stuffing", "Domesticate Me", 8);
INSERT INTO Recipe (RecipeName, CookbookName, TotalServings) VALUES ("Chicken Stew", "Dude Diet", 4);
INSERT INTO Ingredients (IngredientName, IngredientType) VALUES ("Red Pepper", "produce");
INSERT INTO Ingredients (IngredientName, IngredientType) VALUES ("Green Pepper", "produce");
INSERT INTO Ingredients (IngredientName, IngredientType) VALUES ("Yellow Onion", "produce");
INSERT INTO Ingredients (IngredientName, IngredientType) VALUES ("Chicken", "meat");
INSERT INTO Ingredients (IngredientName, IngredientType) VALUES ("Enchillada Sauce", "pantry");
INSERT INTO Ingredients (IngredientName, IngredientType) VALUES ("Shredded Cheese", "dairy");
INSERT INTO Ingredients (IngredientName, IngredientType) VALUES ("Garlic", "produce");
INSERT INTO Ingredients (IngredientName, IngredientType) VALUES ("Soy Sauce", "condiment");
INSERT INTO Ingredients (IngredientName, IngredientType) VALUES ("Butter", "dairy");
INSERT INTO Ingredients (IngredientName, IngredientType) VALUES ("Sausage", "meat");
INSERT INTO Ingredients (IngredientName, IngredientType) VALUES ("Golden Delicious Apple", "produce");
INSERT INTO Ingredients (IngredientName, IngredientType) VALUES ("Tyme", "spice");
INSERT INTO Ingredients (IngredientName, IngredientType) VALUES ("Chicken broth", "pantry");
INSERT INTO Ingredients (IngredientName, IngredientType) VALUES ("Stale bread crumbs", "pantry");
INSERT INTO Meal (RecipeName, IngredientId) VALUES ("Fajitas", 1);
INSERT INTO Meal (RecipeName, IngredientId) VALUES ("Fajitas", 2);
INSERT INTO Meal (RecipeName, IngredientId) VALUES ("Fajitas", 3);
INSERT INTO Meal (RecipeName, IngredientId) VALUES ("Fajitas", 4);
INSERT INTO Meal (RecipeName, IngredientId) VALUES ("Fajitas", 5);
INSERT INTO Meal (RecipeName, IngredientId) VALUES ("Fajitas", 6);
INSERT INTO Meal (RecipeName, IngredientId) VALUES ("Stir Fry", 1);
INSERT INTO Meal (RecipeName, IngredientId) VALUES ("Stir Fry", 2);
INSERT INTO Meal (RecipeName, IngredientId) VALUES ("Stir Fry", 3);
INSERT INTO Meal (RecipeName, IngredientId) VALUES ("Stir Fry", 4);
INSERT INTO Meal (RecipeName, IngredientId) VALUES ("Stir Fry", 7);
INSERT INTO Meal (RecipeName, IngredientId) VALUES ("Stir Fry", 8);
INSERT INTO Meal (RecipeName, IngredientId) VALUES ("Stuffing", 9);
INSERT INTO Meal (RecipeName, IngredientId) VALUES ("Stuffing", 10);
INSERT INTO Meal (RecipeName, IngredientId) VALUES ("Stuffing", 11);
INSERT INTO Meal (RecipeName, IngredientId) VALUES ("Stuffing", 12);
INSERT INTO Meal (RecipeName, IngredientId) VALUES ("Stuffing", 13);
INSERT INTO Meal (RecipeName, IngredientId) VALUES ("Stuffing", 14);
INSERT INTO Meal (RecipeName, IngredientId) VALUES ("Chicken Stew", 1);
INSERT INTO Meal (RecipeName, IngredientId) VALUES ("Chicken Stew", 2);
INSERT INTO Meal (RecipeName, IngredientId) VALUES ("Chicken Stew", 3);
INSERT INTO Meal (RecipeName, IngredientId) VALUES ("Chicken Stew", 4);
INSERT INTO Meal (RecipeName, IngredientId) VALUES ("Chicken Stew", 5);
INSERT INTO Meal (RecipeName, IngredientId) VALUES ("Chicken Stew", 6);
INSERT INTO Meal (RecipeName, IngredientId) VALUES ("Chicken Stew", 7);